{
    "XGBoost": {
        "F1_NoFlood": 0.948079521327929,
        "F1_Flood": 0.09427609427609426,
        "Precision_Flood": 0.05054151624548736,
        "Recall_Flood": 0.7,
        "ROC_AUC": 0.9017653549098933,
        "ConfusionMatrix": null
    },
    "MLP": {
        "F1_NoFlood": 0.9132256134051466,
        "F1_Flood": 0.06451612903225806,
        "Precision_Flood": 0.033707865168539325,
        "Recall_Flood": 0.75,
        "ROC_AUC": 0.8099485104817948,
        "ConfusionMatrix": null
    },
    "CNN + Weighted Loss": {
        "F1_NoFlood": 0.9394588281097918,
        "F1_Flood": 0.0879765395894428,
        "Precision_Flood": 0.04672897196261682,
        "Recall_Flood": 0.75,
        "ROC_AUC": 0.8500551673409342,
        "ConfusionMatrix": null
    },
    "CNN + Weighted Sampling": {
        "F1_NoFlood": 0.9224376731301939,
        "F1_Flood": 0.07547169811320754,
        "Precision_Flood": 0.039603960396039604,
        "Recall_Flood": 0.8,
        "ROC_AUC": 0.8363184994483266,
        "ConfusionMatrix": null
    },
    "LSTM + Weighted Sampling": {
        "F1_NoFlood": 0.9416327322086484,
        "F1_Flood": 0.06230529595015577,
        "Precision_Flood": 0.03322259136212625,
        "Recall_Flood": 0.5,
        "ROC_AUC": 0.7965060684075027,
        "ConfusionMatrix": null
    }
}